Country,Country_Code,Year,Female_Labor_Force_Participation,Female_Secondary_Enrollment,GDP_per_Capita,Fertility_Rate,Urban_Population,Life_Expectancy
Pakistan,PAK,2006,18.947,23.8528308868408,900.873564984808,4.589,34.0931793866356,63.624
Pakistan,PAK,2007,19.308,25.1138095855713,998.090114197524,4.554,34.2683067336065,63.807
Pakistan,PAK,2008,19.851,25.1925296783447,1067.04324565284,4.515,34.4460387735948,64.002
Pakistan,PAK,2009,20.98,25.688850402832,963.788066395225,4.465,34.6280259603331,64.206
Pakistan,PAK,2010,22.036,25.4582159212789,987.304571124485,4.398,34.8159187475539,64.378
Pakistan,PAK,2011,22.228,25.3949380688813,1131.73513834324,4.305,35.0113675889897,64.659
Pakistan,PAK,2012,22.508,25.7528705596924,1204.36475491585,4.204,35.2160229383731,64.883
Pakistan,PAK,2013,22.79,26.3995425354199,1225.4340119198,4.125,35.4315352494366,65.129
Pakistan,PAK,2014,22.987,28.5600893522118,1266.61340849959,4.055,35.6595549759128,65.374
Pakistan,PAK,2015,23.983,30.3251040463428,1380.47020838317,3.988,35.9017325715342,65.641
Pakistan,PAK,2016,23.162,31.73991038953,1424.69161195897,3.902,36.1597184900333,65.943
Pakistan,PAK,2017,22.358,31.2563221783058,1519.23459514248,3.9,36.4351548223399,66.223
Pakistan,PAK,2018,21.571,33.7539426003326,1569.33814626355,3.855,36.7478511550359,66.481
Pakistan,PAK,2019,23.241,35.5736865644319,1390.41690981745,3.81,37.1091631735769,66.729
Pakistan,PAK,2021,24.365,36.7848892672203,1455.31922370186,3.72,37.9333395514173,65.773
Pakistan,PAK,2022,24.027,37.4490104990348,1538.3228133171,3.662,38.3740439760816,67.417
Pakistan,PAK,2023,23.997,39.5879695501278,1360.32417758419,3.605,38.8191861872791,67.649
Pakistan,PAK,2024,23.989,46.4835415439493,1479.47755241191,3.547,39.1734368360905,67.799
