Country,Country_Code,Year,Access_to_Electricity,Female_Labor_Force_Participation,Female_Literacy,Female_Secondary_Enrollment,Female_Unemployment,Fertility_Rate,GDP_per_Capita,Life_Expectancy,Urban_Population
Pakistan,PAK,1960,,,,,,6.8,82.0241000071912,44.101,22.2996984962747
Pakistan,PAK,1961,,,,,,6.8,87.7778246966181,44.956,22.6321270948417
Pakistan,PAK,1962,,,,,,6.8,89.5039525753413,45.85,22.9342151711049
Pakistan,PAK,1963,,,,,,6.8,93.6508728613463,46.761,23.2081807037649
Pakistan,PAK,1964,,,,,,6.8,102.45976384531,47.831,23.4605166957003
Pakistan,PAK,1965,,,,,,6.8,113.567206414596,48.495,23.6966008113708
Pakistan,PAK,1966,,,,,,6.8,122.229353754713,49.797,23.921810715236
Pakistan,PAK,1967,,,,,,6.8,135.190474942968,50.763,24.1415240717555
Pakistan,PAK,1968,,,,,,6.8,141.558306459346,51.624,24.3611185453889
Pakistan,PAK,1969,,,,,,6.8,148.528512990071,52.316,24.5859718005957
Pakistan,PAK,1970,,,,,,6.801,166.662061958389,52.943,24.8214615018356
Pakistan,PAK,1971,,,,6.1253399848938,,6.802,172.453662202274,49.002,25.0729653135682
Pakistan,PAK,1972,,,,6.38436985015869,,6.805,148.073976270617,53.824,25.3460347123231
Pakistan,PAK,1973,,,,7.05777978897095,,6.808,97.5136425928243,54.09,25.6467662768333
Pakistan,PAK,1974,,,,7.28391981124878,,6.811,132.005156607293,54.266,25.9764034338718
Pakistan,PAK,1975,,,,8.01058959960938,,6.812,161.681774899518,54.722,26.3266097503112
Pakistan,PAK,1976,,,,7.89373016357422,,6.808,183.859733422347,55.069,26.6890303879083
Pakistan,PAK,1977,,,,8.12726020812988,,6.799,204.677762649367,55.482,27.0553105084198
Pakistan,PAK,1978,,,,8.22607040405273,,6.783,233.41799161409,56.072,27.4170952736025
Pakistan,PAK,1979,,,,8.21078014373779,,6.761,249.229389957057,56.614,27.7660298452131
Pakistan,PAK,1980,,,,8.31978034973145,,6.734,287.448707270022,57.199,28.0937593850085
Pakistan,PAK,1981,,,14.7700004577637,8.35217952728271,,6.704,327.505069961745,57.764,28.3941608544266
Pakistan,PAK,1982,,,,8.47612953186035,,6.674,344.889792466995,58.291,28.6799902302499
Pakistan,PAK,1983,,,,8.5797004699707,,6.644,311.098361356703,58.663,28.9594375727595
Pakistan,PAK,1984,,,,8.98966979980469,,6.615,327.345625152291,58.921,29.2322435401049
Pakistan,PAK,1985,,,,9.59914016723633,,6.585,317.063499386432,59.075,29.498826604215
Pakistan,PAK,1986,,,,10.2498903274536,,6.554,313.946324043906,59.167,29.7596052370187
Pakistan,PAK,1987,,,,10.6089096069336,,6.518,317.23867416111,59.222,30.014997910445
Pakistan,PAK,1988,,,,10.9302997589111,,6.476,353.85454278549,59.36,30.2654230964229
Pakistan,PAK,1989,,,,11.4283895492554,,6.425,357.595796105007,59.528,30.5112992668812
Pakistan,PAK,1990,,11.195,,11.7535200119019,,6.364,344.45547384189,59.728,30.753044893749
Pakistan,PAK,1991,,13.768,,14.7662897109985,0.319,6.291,380.019843346229,59.864,30.9910784489553
Pakistan,PAK,1992,,13.795,,16.9511699676514,0.316,6.207,395.67720859593,59.983,31.2258184044289
Pakistan,PAK,1993,,14.175,,,0.32,6.112,407.888140688466,60.083,31.4576832320988
Pakistan,PAK,1994,,14.476,,,0.321,6.008,399.955927561352,60.197,31.6870914038941
Pakistan,PAK,1995,,12.553,,,0.322,5.894,450.550279346206,60.273,31.9144613917436
Pakistan,PAK,1996,,13.706,,,0.32,5.771,456.996961832943,60.466,32.1402116675762
Pakistan,PAK,1997,,14.936,,,0.325,5.642,438.030942680153,60.623,32.3647607033211
Pakistan,PAK,1998,70.46,15.245,29.0400009155273,,0.328,5.507,424.453697798497,61.134,32.5871723893723
Pakistan,PAK,1999,70.2653503417969,15.686,,,0.33,5.462,418.249257055367,61.54,32.8015812487933
Pakistan,PAK,2000,72.8,16.13,,,0.328,5.352,642.338346499898,61.903,33.0046884491535
Pakistan,PAK,2001,73.9,16.17,,,0.327,5.182,609.939506905073,62.241,33.1988471664032
Pakistan,PAK,2002,74.9,16.224,,,0.328,5.012,599.937345723927,62.556,33.3857078542752
Pakistan,PAK,2003,76.0,16.995,,,0.329,4.894,672.44178669894,62.834,33.5669209665019
Pakistan,PAK,2004,77.0,17.777,,,0.326,4.685,771.902247348954,63.097,33.7441369568158
Pakistan,PAK,2005,78.1,18.348,35.3699989318848,,0.322,4.595,827.619861189926,62.416,33.9190062789495
Pakistan,PAK,2006,79.1,18.947,39.6100006103516,23.8528308868408,0.323,4.589,900.873564984808,63.624,34.0931793866356
Pakistan,PAK,2007,80.2,19.308,38.4599990844727,25.1138095855713,0.245,4.554,998.090114197524,63.807,34.2683067336065
Pakistan,PAK,2008,81.4,19.851,40.0800018310547,25.1925296783447,0.534,4.515,1067.04324565284,64.002,34.4460387735948
Pakistan,PAK,2009,82.5,20.98,40.310001373291,25.688850402832,0.359,4.465,963.788066395225,64.206,34.6280259603331
Pakistan,PAK,2010,87.1,22.036,41.0200004577637,25.4582159212789,0.64,4.398,987.304571124485,64.378,34.8159187475539
Pakistan,PAK,2011,87.8,22.228,41.9799995422363,25.3949380688813,0.67,4.305,1131.73513834324,64.659,35.0113675889897
Pakistan,PAK,2012,88.6,22.508,43.0699996948242,25.7528705596924,3.773,4.204,1204.36475491585,64.883,35.2160229383731
Pakistan,PAK,2013,89.3,22.79,41.9700012207031,26.3995425354199,3.423,4.125,1225.4340119198,65.129,35.4315352494366
Pakistan,PAK,2014,90.1,22.987,44.2799987792969,28.5600893522118,2.013,4.055,1266.61340849959,65.374,35.6595549759128
Pakistan,PAK,2015,91.0,23.983,,30.3251040463428,6.147,3.988,1380.47020838317,65.641,35.9017325715342
Pakistan,PAK,2016,91.8,23.162,,31.73991038953,2.723,3.902,1424.69161195897,65.943,36.1597184900333
Pakistan,PAK,2017,92.7,22.358,46.4700012207031,31.2563221783058,3.653,3.9,1519.23459514248,66.223,36.4351548223399
Pakistan,PAK,2018,93.4,21.571,45.4000015258789,33.7539426003326,4.555,3.855,1569.33814626355,66.481,36.7478511550359
Pakistan,PAK,2019,93.9,23.241,46.4900016784668,35.5736865644319,6.273,3.81,1390.41690981745,66.729,37.1091631735769
Pakistan,PAK,2020,94.5,23.406,,,7.157,3.765,1278.39735206896,65.701,37.5080192948099
Pakistan,PAK,2021,94.9,24.365,48.5200004577637,36.7848892672203,9.181,3.72,1455.31922370186,65.773,37.9333395514173
Pakistan,PAK,2022,95.0,24.027,,37.4490104990348,6.89,3.662,1538.3228133171,67.417,38.3740439760816
Pakistan,PAK,2023,95.6,23.997,,39.5879695501278,6.775,3.605,1360.32417758419,67.649,38.8191861872791
Pakistan,PAK,2024,95.7,23.989,,46.4835415439493,7.341,3.547,1479.47755241191,67.799,39.1734368360905
Pakistan,PAK,2025,,24.046,,,6.939,,1595.90912252837,,39.5256010979606
